Code,Name,Market,Type
00400A,主動國泰動能高息,TWSE,ETF
00401A,主動摩根台灣鑫收,TWSE,ETF
00402A,主動安聯美國科技,TWSE,ETF
00403A,主動統一升級50,TWSE,ETF
00404A,主動聯博動能50,TWSE,ETF
00405A,主動富邦台灣龍耀,TWSE,ETF
00406A,主動中信台灣收益,TWSE,ETF
00407A,主動凱基台灣,TWSE,ETF
00408A,主動第一金優股息,TWSE,ETF
0050,元大台灣50,TWSE,Stock
0051,元大中型100,TWSE,Stock
0052,富邦科技,TWSE,Stock
0053,元大電子,TWSE,Stock
0055,元大MSCI金融,TWSE,Stock
0056,元大高股息,TWSE,Stock
0057,富邦摩台,TWSE,Stock
0061,元大寶滬深,TWSE,Stock
006203,元大MSCI台灣,TWSE,ETF
006204,永豐臺灣加權,TWSE,ETF
006205,富邦上証,TWSE,ETF
006206,元大上證50,TWSE,ETF
006207,復華滬深,TWSE,ETF
006208,富邦台50,TWSE,ETF
00625K,富邦上証+R,TWSE,ETF
00631L,元大台灣50正2,TWSE,ETF
00632R,元大台灣50反1,TWSE,ETF
00633L,富邦上証正2,TWSE,ETF
00634R,富邦上証反1,TWSE,ETF
00635U,期元大S&P黃金,TWSE,ETF
00636,國泰中國A50,TWSE,ETF
00636K,國泰中國A50+U,TWSE,ETF
00637L,元大滬深300正2,TWSE,ETF
00638R,元大滬深300反1,TWSE,ETF
00639,富邦深100,TWSE,ETF
00640L,富邦日本正2,TWSE,ETF
00641R,富邦日本反1,TWSE,ETF
00642U,期元大S&P石油,TWSE,ETF
00643,群益深証中小,TWSE,ETF
00643K,群益深証中小+R,TWSE,ETF
00645,富邦日本,TWSE,ETF
00646,元大S&P500,TWSE,ETF
00647L,元大S&P500正2,TWSE,ETF
00648R,元大S&P500反1,TWSE,ETF
00650L,復華香港正2,TWSE,ETF
00651R,復華香港反1,TWSE,ETF
00652,富邦印度,TWSE,ETF
00653L,富邦印度正2,TWSE,ETF
00654R,富邦印度反1,TWSE,ETF
00655L,國泰中國A50正2,TWSE,ETF
00656R,國泰中國A50反1,TWSE,ETF
00657,國泰日經225,TWSE,ETF
00657K,國泰日經225+U,TWSE,ETF
00660,元大歐洲50,TWSE,ETF
00661,元大日經225,TWSE,ETF
00662,富邦NASDAQ,TWSE,ETF
00663L,國泰臺灣加權正2,TWSE,ETF
00664R,國泰臺灣加權反1,TWSE,ETF
00665L,富邦恒生國企正2,TWSE,ETF
00666R,富邦恒生國企反1,TWSE,ETF
00668,國泰美國道瓊,TWSE,ETF
00668K,國泰美國道瓊+U,TWSE,ETF
00669R,國泰美國道瓊反1,TWSE,ETF
00670L,富邦NASDAQ正2,TWSE,ETF
00671R,富邦NASDAQ反1,TWSE,ETF
00673R,期元大S&P原油反1,TWSE,ETF
00674R,期元大S&P黃金反1,TWSE,ETF
00675L,富邦臺灣加權正2,TWSE,ETF
00676R,富邦臺灣加權反1,TWSE,ETF
00678,群益那斯達克生技,TWSE,ETF
00680L,元大美債20正2,TWSE,ETF
00681R,元大美債20反1,TWSE,ETF
00682U,期元大美元指數,TWSE,ETF
00683L,期元大美元指正2,TWSE,ETF
00684R,期元大美元指反1,TWSE,ETF
00685L,群益臺灣加權正2,TWSE,ETF
00686R,群益臺灣加權反1,TWSE,ETF
00688L,國泰20年美債正2,TWSE,ETF
00689R,國泰20年美債反1,TWSE,ETF
00690,兆豐藍籌30,TWSE,ETF
00692,富邦公司治理,TWSE,ETF
00693U,期街口S&P黃豆,TWSE,ETF
00700,富邦恒生國企,TWSE,ETF
00701,國泰股利精選30,TWSE,ETF
00702,國泰標普低波高息,TWSE,ETF
00703,台新MSCI中國,TWSE,ETF
00706L,期元大S&P日圓正2,TWSE,ETF
00707R,期元大S&P日圓反1,TWSE,ETF
00708L,期元大S&P黃金正2,TWSE,ETF
00709,富邦歐洲,TWSE,ETF
00710B,復華彭博非投等債,TWSE,ETF
00711B,復華彭博新興債,TWSE,ETF
00712,復華富時不動產,TWSE,ETF
00713,元大台灣高息低波,TWSE,ETF
00714,群益道瓊美國地產,TWSE,ETF
00715L,期街口布蘭特正2,TWSE,ETF
00717,富邦美國特別股,TWSE,ETF
00728,第一金工業30,TWSE,ETF
00730,富邦臺灣優質高息,TWSE,ETF
00731,復華富時高息低波,TWSE,ETF
00733,富邦臺灣中小,TWSE,ETF
00735,國泰臺韓科技,TWSE,ETF
00736,國泰新興市場,TWSE,ETF
00737,國泰AI機器人,TWSE,ETF
00738U,期元大道瓊白銀,TWSE,ETF
00739,元大MSCI A股,TWSE,ETF
00752,中信中國50,TWSE,ETF
00753L,中信中國50正2,TWSE,ETF
00757,統一FANG+,TWSE,ETF
00762,元大全球AI,TWSE,ETF
00763U,期街口道瓊銅,TWSE,ETF
00770,國泰北美科技,TWSE,ETF
00771,元大US高息特別股,TWSE,ETF
00775B,台新投等債15+,TWSE,ETF
00783,富邦中証500,TWSE,ETF
00830,國泰費城半導體,TWSE,ETF
00850,元大臺灣ESG永續,TWSE,ETF
00851,台新全球AI,TWSE,ETF
00852L,國泰美國道瓊正2,TWSE,ETF
00861,元大全球未來通訊,TWSE,ETF
00865B,國泰US短期公債,TWSE,ETF
00875,國泰網路資安,TWSE,ETF
00876,元大全球5G,TWSE,ETF
00878,國泰永續高股息,TWSE,ETF
00881,國泰台灣科技龍頭,TWSE,ETF
00882,中信中國高股息,TWSE,ETF
00885,富邦越南,TWSE,ETF
00891,中信關鍵半導體,TWSE,ETF
00892,富邦台灣半導體,TWSE,ETF
00893,國泰智能電動車,TWSE,ETF
00894,中信小資高價30,TWSE,ETF
00895,富邦未來車,TWSE,ETF
00896,中信綠能及電動車,TWSE,ETF
00897,富邦基因免疫生技,TWSE,ETF
00898,國泰基因免疫革命,TWSE,ETF
00899,FT潔淨能源,TWSE,ETF
00900,富邦特選高股息30,TWSE,ETF
00901,永豐智能車供應鏈,TWSE,ETF
00902,中信電池及儲能,TWSE,ETF
00903,富邦元宇宙,TWSE,ETF
00904,台新臺灣半導體30,TWSE,ETF
00905,FT臺灣Smart,TWSE,ETF
00907,永豐優息存股,TWSE,ETF
00908,富邦入息REITs+,TWSE,ETF
00909,國泰數位支付服務,TWSE,ETF
00910,第一金太空衛星,TWSE,ETF
00911,兆豐洲際半導體,TWSE,ETF
00912,中信臺灣智慧50,TWSE,ETF
00913,兆豐台灣晶圓製造,TWSE,ETF
00915,凱基優選高股息30,TWSE,ETF
00916,國泰全球品牌50,TWSE,ETF
00917,中信特選金融,TWSE,ETF
00918,大華優利高填息30,TWSE,ETF
00919,群益台灣精選高息,TWSE,ETF
00920,富邦ESG綠色電力,TWSE,ETF
00921,兆豐龍頭等權重,TWSE,ETF
00922,國泰台灣領袖50,TWSE,ETF
00923,群益台ESG低碳50,TWSE,ETF
00924,復華S&P500成長,TWSE,ETF
00926,凱基全球菁英55,TWSE,ETF
00927,群益半導體收益,TWSE,ETF
00929,復華台灣科技優息,TWSE,ETF
00930,永豐ESG低碳高息,TWSE,ETF
00932,兆豐永續高息等權,TWSE,ETF
00934,中信成長高股息,TWSE,ETF
00935,野村臺灣新科技50,TWSE,ETF
00936,台新永續高息中小,TWSE,ETF
00938,凱基優選30,TWSE,ETF
00939,統一台灣高息動能,TWSE,ETF
00940,元大台灣價值高息,TWSE,ETF
00941,中信上游半導體,TWSE,ETF
00943,兆豐電子高息等權,TWSE,ETF
00944,野村趨勢動能高息,TWSE,ETF
00945B,凱基美國非投等債,TWSE,ETF
00946,群益科技高息成長,TWSE,ETF
00947,台新臺灣IC設計,TWSE,ETF
00949,復華日本龍頭,TWSE,ETF
00951,台新日本半導體,TWSE,ETF
00952,凱基台灣AI50,TWSE,ETF
00953B,群益優選非投等債,TWSE,ETF
00954,中信日本半導體,TWSE,ETF
00956,中信日經高股息,TWSE,ETF
00960,野村全球航運龍頭,TWSE,ETF
00961,FT臺灣永續高息,TWSE,ETF
00962,台新AI優息動能,TWSE,ETF
00963,中信全球高股息,TWSE,ETF
00964,中信亞太高股息,TWSE,ETF
00965,元大航太防衛科技,TWSE,ETF
00971,野村美國研發龍頭,TWSE,ETF
00972,野村日本動能高息,TWSE,ETF
009800,中信NASDAQ,TWSE,ETF
009801,中信美國創新科技,TWSE,ETF
009802,富邦旗艦50,TWSE,ETF
009803,玉山市值動能50,TWSE,ETF
009804,聯邦台精彩50,TWSE,ETF
009805,台新美國電力基建,TWSE,ETF
009808,華南永昌優選50,TWSE,ETF
009809,富邦淨零ESG50,TWSE,ETF
00980A,主動野村臺灣優選,TWSE,ETF
009810,玉山全球藍籌100,TWSE,ETF
009811,統一美國50,TWSE,ETF
009812,野村日本東證,TWSE,ETF
009813,貝萊德標普卓越50,TWSE,ETF
009816,凱基台灣TOP50,TWSE,ETF
009817,國泰日本不動產,TWSE,ETF
009818,華南永昌NASDAQxT,TWSE,ETF
009819,中信數據及電力,TWSE,ETF
00981A,主動統一台股增長,TWSE,ETF
00981T,平衡凱基雙核收息,TWSE,ETF
009820,元大納斯達克精選,TWSE,ETF
009821,野村稀土關鍵資源,TWSE,ETF
009824,群益美國科技巨頭,TWSE,ETF
00982A,主動群益台灣強棒,TWSE,ETF
00982D,主動富邦動態入息,TWSE,ETF
00982T,平衡兆豐台美動能,TWSE,ETF
00983A,主動中信ARK創新,TWSE,ETF
00983D,主動富邦複合收益,TWSE,ETF
00984A,主動安聯台灣高息,TWSE,ETF
00984D,主動聯博全球非投,TWSE,ETF
00985A,主動野村台灣50,TWSE,ETF
00985B,群益ESG投等債0-5,TWSE,ETF
00986A,主動台新龍頭成長,TWSE,ETF
00987A,主動台新優勢成長,TWSE,ETF
00988A,主動統一全球創新,TWSE,ETF
00989A,主動摩根美國科技,TWSE,ETF
00990A,主動元大AI新經濟,TWSE,ETF
00991A,主動復華未來50,TWSE,ETF
00992A,主動群益科技創新,TWSE,ETF
00993A,主動安聯台灣,TWSE,ETF
00994A,主動第一金台股優,TWSE,ETF
00995A,主動中信台灣卓越,TWSE,ETF
00996A,主動兆豐台灣豐收,TWSE,ETF
00997A,主動群益美國增長,TWSE,ETF
00999A,主動野村臺灣高息,TWSE,ETF
01001T,土銀富邦R1,TWSE,ETF
01002T,土銀國泰R1,TWSE,ETF
01004T,土銀富邦R2,TWSE,ETF
01007T,兆豐國泰R2,TWSE,ETF
01009T,王道圓滿R1,TWSE,ETF
01010T,京城樂富R1,TWSE,ETF
020000,富邦特選蘋果N,TWSE,ETF
020011,統一微波高息20N,TWSE,ETF
020012,富邦行動通訊N,TWSE,ETF
02001L,富邦蘋果正二N,TWSE,ETF
020020,元大台股領航N,TWSE,ETF
020028,元大特選電動車N,TWSE,ETF
020029,元大ESG高股息N,TWSE,ETF
020030,統一智慧電動車N,TWSE,ETF
020031,統一IC設計臺灣N,TWSE,ETF
020032,元大綠能N,TWSE,ETF
020034,元大IC設計N,TWSE,ETF
020036,元大金融配息N,TWSE,ETF
020037,元大金融高股息N,TWSE,ETF
020038,元大ESG配息N,TWSE,ETF
020039,元大加權N,TWSE,ETF
1101,台泥,TWSE,Stock
1101B,台泥乙特,TWSE,ETF
1102,亞泥,TWSE,Stock
1103,嘉泥,TWSE,Stock
1104,環泥,TWSE,Stock
1108,幸福,TWSE,Stock
1109,信大,TWSE,Stock
1110,東泥,TWSE,Stock
1201,味全,TWSE,Stock
1203,味王,TWSE,Stock
1210,大成,TWSE,Stock
1213,大飲,TWSE,Stock
1215,卜蜂,TWSE,Stock
1216,統一,TWSE,Stock
1217,愛之味,TWSE,Stock
1218,泰山,TWSE,Stock
1219,福壽,TWSE,Stock
1220,台榮,TWSE,Stock
1225,福懋油,TWSE,Stock
1227,佳格,TWSE,Stock
1229,聯華,TWSE,Stock
1231,聯華食,TWSE,Stock
1232,大統益,TWSE,Stock
1233,天仁,TWSE,Stock
1234,黑松,TWSE,Stock
1235,興泰,TWSE,Stock
1236,宏亞,TWSE,Stock
1256,鮮活果汁-KY,TWSE,Stock
1301,台塑,TWSE,Stock
1303,南亞,TWSE,Stock
1304,台聚,TWSE,Stock
1305,華夏,TWSE,Stock
1307,三芳,TWSE,Stock
1308,亞聚,TWSE,Stock
1309,台達化,TWSE,Stock
1310,台苯,TWSE,Stock
1312,國喬,TWSE,Stock
1312A,國喬特,TWSE,ETF
1313,聯成,TWSE,Stock
1314,中石化,TWSE,Stock
1315,達新,TWSE,Stock
1316,上曜,TWSE,Stock
1319,東陽,TWSE,Stock
1321,大洋,TWSE,Stock
1323,永裕,TWSE,Stock
1324,地球,TWSE,Stock
1325,恆大,TWSE,Stock
1326,台化,TWSE,Stock
1337,再生-KY,TWSE,Stock
1338,廣華-KY,TWSE,Stock
1339,昭輝,TWSE,Stock
1340,勝悅-KY,TWSE,Stock
1341,富林-KY,TWSE,Stock
1342,八貫,TWSE,Stock
1402,遠東新,TWSE,Stock
1409,新纖,TWSE,Stock
1410,南染,TWSE,Stock
1413,宏洲,TWSE,Stock
1414,東和,TWSE,Stock
1416,廣豐,TWSE,Stock
1417,嘉裕,TWSE,Stock
1418,東華,TWSE,Stock
1419,新紡,TWSE,Stock
1423,利華,TWSE,Stock
1432,大魯閣,TWSE,Stock
1434,福懋,TWSE,Stock
1435,中福,TWSE,Stock
1436,華友聯,TWSE,Stock
1437,勤益控,TWSE,Stock
1438,三地開發,TWSE,Stock
1439,雋揚,TWSE,Stock
1440,南紡,TWSE,Stock
1441,大東,TWSE,Stock
1442,名軒,TWSE,Stock
1443,立益物流,TWSE,Stock
1444,力麗,TWSE,Stock
1445,大宇,TWSE,Stock
1446,宏和,TWSE,Stock
1447,力鵬,TWSE,Stock
1449,佳和,TWSE,Stock
1451,年興,TWSE,Stock
1452,宏益,TWSE,Stock
1453,大將,TWSE,Stock
1454,台富,TWSE,Stock
1455,集盛,TWSE,Stock
1456,怡華,TWSE,Stock
1457,宜進,TWSE,Stock
1459,聯發,TWSE,Stock
1460,宏遠,TWSE,Stock
1463,強盛新,TWSE,Stock
1464,得力,TWSE,Stock
1465,偉全,TWSE,Stock
1466,聚隆,TWSE,Stock
1467,南緯,TWSE,Stock
1468,昶和,TWSE,Stock
1470,大統新創,TWSE,Stock
1471,首利,TWSE,Stock
1472,三洋實業,TWSE,Stock
1473,台南,TWSE,Stock
1474,弘裕,TWSE,Stock
1475,業旺,TWSE,Stock
1476,儒鴻,TWSE,Stock
1477,聚陽,TWSE,Stock
1503,士電,TWSE,Stock
1504,東元,TWSE,Stock
1506,正道,TWSE,Stock
1512,瑞利,TWSE,Stock
1513,中興電,TWSE,Stock
1514,亞力,TWSE,Stock
1515,力山,TWSE,Stock
1516,川飛,TWSE,Stock
1517,利奇,TWSE,Stock
1519,華城,TWSE,Stock
1521,大億,TWSE,Stock
1522,堤維西,TWSE,Stock
1522A,堤維西甲特,TWSE,ETF
1524,耿鼎,TWSE,Stock
1525,江申,TWSE,Stock
1526,日馳,TWSE,Stock
1527,鑽全,TWSE,Stock
1528,恩德,TWSE,Stock
1529,樂事綠能,TWSE,Stock
1530,亞崴,TWSE,Stock
1531,高林股,TWSE,Stock
1532,勤美,TWSE,Stock
1533,車王電,TWSE,Stock
1535,中宇,TWSE,Stock
1536,和大,TWSE,Stock
1537,廣隆,TWSE,Stock
1538,正峰,TWSE,Stock
1539,巨庭,TWSE,Stock
1540,喬福,TWSE,Stock
1541,錩泰,TWSE,Stock
1558,伸興,TWSE,Stock
1560,中砂,TWSE,Stock
1563,巧新,TWSE,Stock
1568,倉佑,TWSE,Stock
1582,信錦,TWSE,Stock
1583,程泰,TWSE,Stock
1587,吉茂,TWSE,Stock
1590,亞德客-KY,TWSE,Stock
1597,直得,TWSE,Stock
1598,岱宇,TWSE,Stock
1603,華電,TWSE,Stock
1604,聲寶,TWSE,Stock
1605,華新,TWSE,Stock
1608,華榮,TWSE,Stock
1609,大亞,TWSE,Stock
1611,中電,TWSE,Stock
1612,宏泰,TWSE,Stock
1614,三洋電,TWSE,Stock
1615,大山,TWSE,Stock
1616,億泰,TWSE,Stock
1617,榮星,TWSE,Stock
1618,合機,TWSE,Stock
1623,大東電,TWSE,Stock
1626,艾美特-KY,TWSE,Stock
1702,南僑,TWSE,Stock
1707,葡萄王,TWSE,Stock
1708,東鹼,TWSE,Stock
1709,和益,TWSE,Stock
1710,東聯,TWSE,Stock
1711,永光,TWSE,Stock
1712,興農,TWSE,Stock
1713,國化,TWSE,Stock
1714,和桐,TWSE,Stock
1717,長興,TWSE,Stock
1718,中纖,TWSE,Stock
1720,生達,TWSE,Stock
1721,三晃,TWSE,Stock
1722,台肥,TWSE,Stock
1723,中碳,TWSE,Stock
1725,元禎,TWSE,Stock
1726,永記,TWSE,Stock
1727,中華化,TWSE,Stock
1730,花仙子,TWSE,Stock
1731,美吾華,TWSE,Stock
1732,毛寶,TWSE,Stock
1733,五鼎,TWSE,Stock
1734,杏輝,TWSE,Stock
1735,日勝化,TWSE,Stock
1736,喬山,TWSE,Stock
1737,臺鹽,TWSE,Stock
1752,南光,TWSE,Stock
1760,寶齡富錦,TWSE,Stock
1762,中化生,TWSE,Stock
1773,勝一,TWSE,Stock
1776,展宇,TWSE,Stock
1783,和康生,TWSE,Stock
1786,科妍,TWSE,Stock
1789,神隆,TWSE,Stock
1795,美時,TWSE,Stock
1802,台玻,TWSE,Stock
1805,寶徠,TWSE,Stock
1806,冠軍,TWSE,Stock
1808,潤隆,TWSE,Stock
1809,中釉,TWSE,Stock
1810,和成,TWSE,Stock
1817,凱撒衛,TWSE,Stock
1903,士紙,TWSE,Stock
1904,正隆,TWSE,Stock
1905,華紙,TWSE,Stock
1906,寶隆,TWSE,Stock
1907,永豐餘,TWSE,Stock
1909,榮成,TWSE,Stock
2002,中鋼,TWSE,Stock
2002A,中鋼特,TWSE,ETF
2006,東和鋼鐵,TWSE,Stock
2007,燁興,TWSE,Stock
2008,高興昌,TWSE,Stock
2009,第一銅,TWSE,Stock
2010,春源,TWSE,Stock
2012,春雨,TWSE,Stock
2013,中鋼構,TWSE,Stock
2014,中鴻,TWSE,Stock
2015,豐興,TWSE,Stock
2017,官田鋼,TWSE,Stock
2020,美亞,TWSE,Stock
2022,聚亨,TWSE,Stock
2023,燁輝,TWSE,Stock
2024,志聯,TWSE,Stock
2025,千興,TWSE,Stock
2027,大成鋼,TWSE,Stock
2028,威致,TWSE,Stock
2029,盛餘,TWSE,Stock
2030,彰源,TWSE,Stock
2031,新光鋼,TWSE,Stock
2032,新鋼,TWSE,Stock
2033,佳大,TWSE,Stock
2034,允強,TWSE,Stock
2038,海光,TWSE,Stock
2049,上銀,TWSE,Stock
2059,川湖,TWSE,Stock
2062,橋椿,TWSE,Stock
2069,運錩,TWSE,Stock
2072,世紀風電,TWSE,Stock
2101,南港,TWSE,Stock
2102,泰豐,TWSE,Stock
2103,台橡,TWSE,Stock
2104,國際中橡,TWSE,Stock
2105,正新,TWSE,Stock
2106,建大,TWSE,Stock
2107,厚生,TWSE,Stock
2108,南帝,TWSE,Stock
2109,華豐,TWSE,Stock
2114,鑫永銓,TWSE,Stock
2115,六暉-KY,TWSE,Stock
2201,裕隆,TWSE,Stock
2204,中華,TWSE,Stock
2206,三陽工業,TWSE,Stock
2207,和泰車,TWSE,Stock
2208,台船,TWSE,Stock
2211,長榮鋼,TWSE,Stock
2227,裕日車,TWSE,Stock
2228,劍麟,TWSE,Stock
2231,為升,TWSE,Stock
2233,宇隆,TWSE,Stock
2236,百達-KY,TWSE,Stock
2239,英利-KY,TWSE,Stock
2241,艾姆勒,TWSE,Stock
2243,宏旭-KY,TWSE,Stock
2247,汎德永業,TWSE,Stock
2248,華勝-KY,TWSE,Stock
2250,IKKA-KY,TWSE,Stock
2254,巨鎧精密-創,TWSE,Stock
2258,鴻華先進-創,TWSE,Stock
2301,光寶科,TWSE,Stock
2302,麗正,TWSE,Stock
2303,聯電,TWSE,Stock
2305,全友,TWSE,Stock
2308,台達電,TWSE,Stock
2312,金寶,TWSE,Stock
2313,華通,TWSE,Stock
2314,台揚,TWSE,Stock
2316,楠梓電,TWSE,Stock
2317,鴻海,TWSE,Stock
2321,東訊,TWSE,Stock
2323,中環,TWSE,Stock
2324,仁寶,TWSE,Stock
2327,國巨*,TWSE,Stock
2328,廣宇,TWSE,Stock
2329,華泰,TWSE,Stock
2330,台積電,TWSE,Stock
2331,精英,TWSE,Stock
2332,友訊,TWSE,Stock
2337,旺宏,TWSE,Stock
2338,光罩,TWSE,Stock
2340,台亞,TWSE,Stock
2342,茂矽,TWSE,Stock
2344,華邦電,TWSE,Stock
2345,智邦,TWSE,Stock
2347,聯強,TWSE,Stock
2348,海悅,TWSE,Stock
2348A,海悅甲特,TWSE,ETF
2349,錸德,TWSE,Stock
2351,順德,TWSE,Stock
2352,佳世達,TWSE,Stock
2353,宏碁,TWSE,Stock
2354,鴻準,TWSE,Stock
2355,敬鵬,TWSE,Stock
2356,英業達,TWSE,Stock
2357,華碩,TWSE,Stock
2359,所羅門,TWSE,Stock
2360,致茂,TWSE,Stock
2362,藍天,TWSE,Stock
2363,矽統,TWSE,Stock
2364,倫飛,TWSE,Stock
2365,昆盈,TWSE,Stock
2367,燿華,TWSE,Stock
2368,金像電,TWSE,Stock
2369,菱生,TWSE,Stock
2371,大同,TWSE,Stock
2373,震旦行,TWSE,Stock
2374,佳能,TWSE,Stock
2375,凱美,TWSE,Stock
2376,技嘉,TWSE,Stock
2377,微星,TWSE,Stock
2379,瑞昱,TWSE,Stock
2380,虹光,TWSE,Stock
2382,廣達,TWSE,Stock
2383,台光電,TWSE,Stock
2385,群光,TWSE,Stock
2387,精元,TWSE,Stock
2388,威盛,TWSE,Stock
2390,云辰,TWSE,Stock
2392,正崴,TWSE,Stock
2393,億光,TWSE,Stock
2395,研華,TWSE,Stock
2397,友通,TWSE,Stock
2399,映泰,TWSE,Stock
2401,凌陽,TWSE,Stock
2402,毅嘉,TWSE,Stock
2404,漢唐,TWSE,Stock
2405,輔信,TWSE,Stock
2406,國碩,TWSE,Stock
2408,南亞科,TWSE,Stock
2409,友達,TWSE,Stock
2412,中華電,TWSE,Stock
2413,環科,TWSE,Stock
2414,精技,TWSE,Stock
2415,錩新,TWSE,Stock
2417,圓剛,TWSE,Stock
2419,仲琦,TWSE,Stock
2420,新巨,TWSE,Stock
2421,建準,TWSE,Stock
2423,固緯,TWSE,Stock
2424,隴華,TWSE,Stock
2425,承啟,TWSE,Stock
2426,鼎元,TWSE,Stock
2427,三商電,TWSE,Stock
2428,興勤,TWSE,Stock
2429,銘旺科,TWSE,Stock
2430,燦坤,TWSE,Stock
2431,聯昌,TWSE,Stock
2432,倚天酷碁-創,TWSE,Stock
2433,互盛電,TWSE,Stock
2434,統懋,TWSE,Stock
2436,偉詮電,TWSE,Stock
2438,翔耀,TWSE,Stock
2439,美律,TWSE,Stock
2440,太空梭,TWSE,Stock
2441,超豐,TWSE,Stock
2442,新美齊,TWSE,Stock
2444,兆勁,TWSE,Stock
2449,京元電子,TWSE,Stock
2450,神腦,TWSE,Stock
2451,創見,TWSE,Stock
2453,凌群,TWSE,Stock
2454,聯發科,TWSE,Stock
2455,全新,TWSE,Stock
2457,飛宏,TWSE,Stock
2458,義隆,TWSE,Stock
2459,敦吉,TWSE,Stock
2460,建通,TWSE,Stock
2461,光群雷,TWSE,Stock
2462,良得電,TWSE,Stock
2464,盟立,TWSE,Stock
2465,麗臺,TWSE,Stock
2466,冠西電,TWSE,Stock
2467,志聖,TWSE,Stock
2468,華經,TWSE,Stock
2471,資通,TWSE,Stock
2472,立隆電,TWSE,Stock
2474,可成,TWSE,Stock
2476,鉅祥,TWSE,Stock
2477,美隆電,TWSE,Stock
2478,大毅,TWSE,Stock
2480,敦陽科,TWSE,Stock
2481,強茂,TWSE,Stock
2482,連宇,TWSE,Stock
2483,百容,TWSE,Stock
2484,希華,TWSE,Stock
2485,兆赫,TWSE,Stock
2486,一詮,TWSE,Stock
2488,漢平,TWSE,Stock
2489,瑞軒,TWSE,Stock
2491,吉祥全,TWSE,Stock
2492,華新科,TWSE,Stock
2493,揚博,TWSE,Stock
2495,普安,TWSE,Stock
2496,卓越,TWSE,Stock
2497,怡利電,TWSE,Stock
2498,宏達電,TWSE,Stock
2501,國建,TWSE,Stock
2504,國產,TWSE,Stock
2505,國揚,TWSE,Stock
2506,太設,TWSE,Stock
2509,全坤建,TWSE,Stock
2511,太子,TWSE,Stock
2514,龍邦,TWSE,Stock
2515,中工,TWSE,Stock
2516,新建,TWSE,Stock
2520,冠德,TWSE,Stock
2524,京城,TWSE,Stock
2527,宏璟,TWSE,Stock
2528,皇普,TWSE,Stock
2530,華建,TWSE,Stock
2534,宏盛,TWSE,Stock
2535,達欣工,TWSE,Stock
2536,宏普,TWSE,Stock
2537,聯上發,TWSE,Stock
2538,基泰,TWSE,Stock
2539,櫻花建,TWSE,Stock
2540,愛山林,TWSE,Stock
2542,興富發,TWSE,Stock
2543,皇昌,TWSE,Stock
2545,皇翔,TWSE,Stock
2546,根基,TWSE,Stock
2547,日勝生,TWSE,Stock
2548,華固,TWSE,Stock
2597,潤弘,TWSE,Stock
2601,益航,TWSE,Stock
2603,長榮,TWSE,Stock
2605,新興,TWSE,Stock
2606,裕民,TWSE,Stock
2607,榮運,TWSE,Stock
2608,嘉里大榮,TWSE,Stock
2609,陽明,TWSE,Stock
2610,華航,TWSE,Stock
2611,志信,TWSE,Stock
2612,中航,TWSE,Stock
2613,中櫃,TWSE,Stock
2614,東森,TWSE,Stock
2615,萬海,TWSE,Stock
2616,山隆,TWSE,Stock
2617,台航,TWSE,Stock
2618,長榮航,TWSE,Stock
2630,亞航,TWSE,Stock
2633,台灣高鐵,TWSE,Stock
2634,漢翔,TWSE,Stock
2636,台驊控股,TWSE,Stock
2637,慧洋-KY,TWSE,Stock
2642,宅配通,TWSE,Stock
2645,長榮航太,TWSE,Stock
2646,星宇航空,TWSE,Stock
2701,萬企,TWSE,Stock
2702,華園,TWSE,Stock
2704,國賓,TWSE,Stock
2705,六福,TWSE,Stock
2706,第一店,TWSE,Stock
2707,晶華,TWSE,Stock
2712,遠雄來,TWSE,Stock
2722,夏都,TWSE,Stock
2723,美食-KY,TWSE,Stock
2727,王品,TWSE,Stock
2731,雄獅,TWSE,Stock
2739,寒舍,TWSE,Stock
2748,雲品,TWSE,Stock
2753,八方雲集,TWSE,Stock
2762,世界健身-KY,TWSE,Stock
2801,彰銀,TWSE,Stock
2812,台中銀,TWSE,Stock
2816,旺旺保,TWSE,Stock
2820,華票,TWSE,Stock
2832,台產,TWSE,Stock
2834,臺企銀,TWSE,Stock
2836,高雄銀,TWSE,Stock
2836A,高雄銀甲特,TWSE,ETF
2838,聯邦銀,TWSE,Stock
2838A,聯邦銀甲特,TWSE,ETF
2845,遠東銀,TWSE,Stock
2849,安泰銀,TWSE,Stock
2850,新產,TWSE,Stock
2851,中再保,TWSE,Stock
2852,第一保,TWSE,Stock
2855,統一證,TWSE,Stock
2867,三商壽,TWSE,Stock
2880,華南金,TWSE,Stock
2881,富邦金,TWSE,Stock
2881A,富邦特,TWSE,ETF
2881B,富邦金乙特,TWSE,ETF
2881C,富邦金丙特,TWSE,ETF
2882,國泰金,TWSE,Stock
2882A,國泰特,TWSE,ETF
2882B,國泰金乙特,TWSE,ETF
2883,凱基金,TWSE,Stock
2883B,凱基金乙特,TWSE,ETF
2884,玉山金,TWSE,Stock
2885,元大金,TWSE,Stock
2886,兆豐金,TWSE,Stock
2887,台新新光金,TWSE,Stock
2887E,台新新光戊特一,TWSE,ETF
2887F,台新新光戊特二,TWSE,ETF
2887G,台新新光庚特一,TWSE,ETF
2887H,台新新光庚特二,TWSE,ETF
2887I,台新新光辛特,TWSE,ETF
2887Z1,台新新光己特,TWSE,ETF
2889,國票金,TWSE,Stock
2890,永豐金,TWSE,Stock
2891,中信金,TWSE,Stock
2891B,中信金乙特,TWSE,ETF
2891C,中信金丙特,TWSE,ETF
2892,第一金,TWSE,Stock
2897,王道銀行,TWSE,Stock
2897B,王道銀乙特,TWSE,ETF
2901,欣欣,TWSE,Stock
2903,遠百,TWSE,Stock
2904,匯僑,TWSE,Stock
2905,三商,TWSE,Stock
2906,高林,TWSE,Stock
2908,特力,TWSE,Stock
2910,統領,TWSE,Stock
2911,麗嬰房,TWSE,Stock
2912,統一超,TWSE,Stock
2913,農林,TWSE,Stock
2915,潤泰全,TWSE,Stock
2923,鼎固-KY,TWSE,Stock
2929,淘帝-KY,TWSE,Stock
2939,永邑-KY,TWSE,Stock
2945,三商家購,TWSE,Stock
3002,歐格,TWSE,Stock
3003,健和興,TWSE,Stock
3004,豐達科,TWSE,Stock
3005,神基,TWSE,Stock
3006,晶豪科,TWSE,Stock
3008,大立光,TWSE,Stock
3010,華立,TWSE,Stock
3011,今皓,TWSE,Stock
3013,晟銘電,TWSE,Stock
3014,聯陽,TWSE,Stock
3015,全漢,TWSE,Stock
3016,嘉晶,TWSE,Stock
3017,奇鋐,TWSE,Stock
3018,隆銘綠能,TWSE,Stock
3019,亞光,TWSE,Stock
3021,鴻名,TWSE,Stock
3022,威強電,TWSE,Stock
3023,信邦,TWSE,Stock
3024,憶聲,TWSE,Stock
3025,星通,TWSE,Stock
3026,禾伸堂,TWSE,Stock
3027,盛達,TWSE,Stock
3028,增你強,TWSE,Stock
3029,零壹,TWSE,Stock
3030,德律,TWSE,Stock
3031,佰鴻,TWSE,Stock
3032,偉訓,TWSE,Stock
3033,威健,TWSE,Stock
3034,聯詠,TWSE,Stock
3035,智原,TWSE,Stock
3036,文曄,TWSE,Stock
3037,欣興,TWSE,Stock
3038,全台,TWSE,Stock
3040,遠見,TWSE,Stock
3041,揚智,TWSE,Stock
3042,晶技,TWSE,Stock
3043,科風,TWSE,Stock
3044,健鼎,TWSE,Stock
3045,台灣大,TWSE,Stock
3046,建碁,TWSE,Stock
3047,訊舟,TWSE,Stock
3048,益登,TWSE,Stock
3049,精金,TWSE,Stock
3050,鈺德,TWSE,Stock
3051,力特,TWSE,Stock
3052,夆典,TWSE,Stock
3054,立萬利,TWSE,Stock
3055,蔚華科,TWSE,Stock
3056,富華新,TWSE,Stock
3057,喬鼎,TWSE,Stock
3058,立德,TWSE,Stock
3059,華晶科,TWSE,Stock
3060,銘異,TWSE,Stock
3062,建漢,TWSE,Stock
3090,日電貿,TWSE,Stock
3092,鴻碩,TWSE,Stock
3094,聯傑,TWSE,Stock
3130,一零四,TWSE,Stock
3135,凌航,TWSE,Stock
3138,耀登,TWSE,Stock
3149,正達,TWSE,Stock
3150,鈺寶-創,TWSE,Stock
3164,景岳,TWSE,Stock
3167,大量,TWSE,Stock
3168,眾福科,TWSE,Stock
3189,景碩,TWSE,Stock
3209,全科,TWSE,Stock
3229,晟鈦,TWSE,Stock
3231,緯創,TWSE,Stock
3257,虹冠電,TWSE,Stock
3266,昇陽,TWSE,Stock
3296,勝德,TWSE,Stock
3305,昇貿,TWSE,Stock
3308,聯德,TWSE,Stock
3311,閎暉,TWSE,Stock
3312,弘憶股,TWSE,Stock
3321,同泰,TWSE,Stock
3338,泰碩,TWSE,Stock
3346,麗清,TWSE,Stock
3356,奇偶,TWSE,Stock
3376,新日興,TWSE,Stock
3380,明泰,TWSE,Stock
3406,玉晶光,TWSE,Stock
3413,京鼎,TWSE,Stock
3416,融程電,TWSE,Stock
3419,譁裕,TWSE,Stock
3432,台端,TWSE,Stock
3437,榮創,TWSE,Stock
3443,創意,TWSE,Stock
3447,展達,TWSE,Stock
3450,聯鈞,TWSE,Stock
3481,群創,TWSE,Stock
3494,誠研,TWSE,Stock
3501,維熹,TWSE,Stock
3504,揚明光,TWSE,Stock
3515,華擎,TWSE,Stock
3518,柏騰,TWSE,Stock
3528,安馳,TWSE,Stock
3530,晶相光,TWSE,Stock
3532,台勝科,TWSE,Stock
3533,嘉澤,TWSE,Stock
3535,晶彩科,TWSE,Stock
3543,州巧,TWSE,Stock
3545,敦泰,TWSE,Stock
3550,聯穎,TWSE,Stock
3557,嘉威,TWSE,Stock
3563,牧德,TWSE,Stock
3576,聯合再生,TWSE,Stock
3583,辛耘,TWSE,Stock
3588,通嘉,TWSE,Stock
3591,艾笛森,TWSE,Stock
3592,瑞鼎,TWSE,Stock
3593,力銘,TWSE,Stock
3596,智易,TWSE,Stock
3605,宏致,TWSE,Stock
3607,谷崧,TWSE,Stock
3617,碩天,TWSE,Stock
3622,洋華,TWSE,Stock
3645,達邁,TWSE,Stock
3652,精聯,TWSE,Stock
3653,健策,TWSE,Stock
3661,世芯-KY,TWSE,Stock
3665,貿聯-KY,TWSE,Stock
3669,圓展,TWSE,Stock
3673,TPK-KY,TWSE,Stock
3679,新至陞,TWSE,Stock
3686,達能,TWSE,Stock
3694,海華,TWSE,Stock
3701,大眾控,TWSE,Stock
3702,大聯大,TWSE,Stock
3703,欣陸,TWSE,Stock
3704,合勤控,TWSE,Stock
3705,永信,TWSE,Stock
3706,神達,TWSE,Stock
3708,上緯投控,TWSE,Stock
3711,日月光投控,TWSE,Stock
3712,永崴投控,TWSE,Stock
3714,富采,TWSE,Stock
3715,定穎投控,TWSE,Stock
3716,中化控股,TWSE,Stock
3717,聯嘉投控,TWSE,Stock
4104,佳醫,TWSE,Stock
4106,雃博,TWSE,Stock
4108,懷特,TWSE,Stock
4119,旭富,TWSE,Stock
4133,亞諾法,TWSE,Stock
4137,麗豐-KY,TWSE,Stock
4142,國光生,TWSE,Stock
4148,全宇生技-KY,TWSE,Stock
4155,訊映,TWSE,Stock
4164,承業醫,TWSE,Stock
4169,泰宗,TWSE,Stock
4178,永笙-KY,TWSE,Stock
4190,佐登-KY,TWSE,Stock
4195,基米-創,TWSE,Stock
4306,炎洲,TWSE,Stock
4414,如興,TWSE,Stock
4426,利勤,TWSE,Stock
4438,廣越,TWSE,Stock
4439,冠星-KY,TWSE,Stock
4440,宜新實業,TWSE,Stock
4441,振大環球,TWSE,Stock
4526,東台,TWSE,Stock
4532,瑞智,TWSE,Stock
4536,拓凱,TWSE,Stock
4540,全球傳動,TWSE,Stock
4545,銘鈺,TWSE,Stock
4551,智伸科,TWSE,Stock
4552,力達-KY,TWSE,Stock
4555,氣立,TWSE,Stock
4557,永新-KY,TWSE,Stock
4560,強信-KY,TWSE,Stock
4562,穎漢,TWSE,Stock
4564,元翎,TWSE,Stock
4566,時碩工業,TWSE,Stock
4569,六方科-KY,TWSE,Stock
4571,鈞興-KY,TWSE,Stock
4572,駐龍,TWSE,Stock
4576,大銀微系統,TWSE,Stock
4581,光隆精密-KY,TWSE,Stock
4582,聚恆-創,TWSE,Stock
4583,台灣精銳,TWSE,Stock
4585,達明,TWSE,Stock
4588,玖鼎電力,TWSE,Stock
4590,富田-創,TWSE,Stock
4720,德淵,TWSE,Stock
4722,國精化,TWSE,Stock
4736,泰博,TWSE,Stock
4737,華廣,TWSE,Stock
4739,康普,TWSE,Stock
4746,台耀,TWSE,Stock
4755,三福化,TWSE,Stock
4763,材料*-KY,TWSE,Stock
4764,雙鍵,TWSE,Stock
4766,南寶,TWSE,Stock
4770,上品,TWSE,Stock
4771,望隼,TWSE,Stock
4807,日成-KY,TWSE,Stock
4904,遠傳,TWSE,Stock
4906,正文,TWSE,Stock
4912,聯德控股-KY,TWSE,Stock
4915,致伸,TWSE,Stock
4916,事欣科,TWSE,Stock
4919,新唐,TWSE,Stock
4927,泰鼎-KY,TWSE,Stock
4930,燦星網,TWSE,Stock
4934,太極,TWSE,Stock
4935,茂林-KY,TWSE,Stock
4938,和碩,TWSE,Stock
4942,嘉彰,TWSE,Stock
4943,康控-KY,TWSE,Stock
4949,有成精密,TWSE,Stock
4952,凌通,TWSE,Stock
4956,光鋐,TWSE,Stock
4958,臻鼎-KY,TWSE,Stock
4960,誠美材,TWSE,Stock
4961,天鈺,TWSE,Stock
4967,十銓,TWSE,Stock
4968,立積,TWSE,Stock
4976,佳凌,TWSE,Stock
4977,眾達-KY,TWSE,Stock
4989,榮科,TWSE,Stock
4994,傳奇,TWSE,Stock
4999,鑫禾,TWSE,Stock
5007,三星,TWSE,Stock
5203,訊連,TWSE,Stock
5215,科嘉-KY,TWSE,Stock
5222,全訊,TWSE,Stock
5225,東科-KY,TWSE,Stock
5234,達興材料,TWSE,Stock
5236,凌陽創新,TWSE,Stock
5243,乙盛-KY,TWSE,Stock
5244,弘凱,TWSE,Stock
5258,虹堡,TWSE,Stock
5269,祥碩,TWSE,Stock
5283,禾聯碩,TWSE,Stock
5284,jpp-KY,TWSE,Stock
5285,界霖,TWSE,Stock
5288,豐祥-KY,TWSE,Stock
5292,華懋,TWSE,Stock
5306,桂盟,TWSE,Stock
5388,中磊,TWSE,Stock
5434,崇越,TWSE,Stock
5469,瀚宇博,TWSE,Stock
5471,松翰,TWSE,Stock
5484,慧友,TWSE,Stock
5515,建國,TWSE,Stock
5519,隆大,TWSE,Stock
5521,工信,TWSE,Stock
5522,遠雄,TWSE,Stock
5525,順天,TWSE,Stock
5531,鄉林,TWSE,Stock
5533,皇鼎,TWSE,Stock
5534,長虹,TWSE,Stock
5538,東明-KY,TWSE,Stock
5546,永固-KY,TWSE,Stock
5607,遠雄港,TWSE,Stock
5608,四維航,TWSE,Stock
5706,鳳凰,TWSE,Stock
5871,中租-KY,TWSE,Stock
5871A,中租-KY甲特,TWSE,ETF
5876,上海商銀,TWSE,Stock
5880,合庫金,TWSE,Stock
5906,台南-KY,TWSE,Stock
5907,大洋-KY,TWSE,Stock
6005,群益證,TWSE,Stock
6024,群益期,TWSE,Stock
6108,競國,TWSE,Stock
6112,邁達特,TWSE,Stock
6115,鎰勝,TWSE,Stock
6116,彩晶,TWSE,Stock
6117,迎廣,TWSE,Stock
6120,達運,TWSE,Stock
6128,上福,TWSE,Stock
6133,金橋,TWSE,Stock
6136,富爾特,TWSE,Stock
6139,亞翔,TWSE,Stock
6141,柏承,TWSE,Stock
6142,友勁,TWSE,Stock
6152,百一,TWSE,Stock
6153,嘉聯益,TWSE,Stock
6155,鈞寶,TWSE,Stock
6164,華興,TWSE,Stock
6165,浪凡,TWSE,Stock
6166,凌華,TWSE,Stock
6168,宏齊,TWSE,Stock
6176,瑞儀,TWSE,Stock
6177,達麗,TWSE,Stock
6183,關貿,TWSE,Stock
6184,大豐電,TWSE,Stock
6189,豐藝,TWSE,Stock
6191,精成科,TWSE,Stock
6192,巨路,TWSE,Stock
6196,帆宣,TWSE,Stock
6197,佳必琪,TWSE,Stock
6201,亞弘電,TWSE,Stock
6202,盛群,TWSE,Stock
6205,詮欣,TWSE,Stock
6206,飛捷,TWSE,Stock
6209,今國光,TWSE,Stock
6213,聯茂,TWSE,Stock
6214,精誠,TWSE,Stock
6215,和椿,TWSE,Stock
6216,居易,TWSE,Stock
6224,聚鼎,TWSE,Stock
6225,天瀚,TWSE,Stock
6226,光鼎,TWSE,Stock
6230,尼得科超眾,TWSE,Stock
6235,華孚,TWSE,Stock
6239,力成,TWSE,Stock
6243,迅杰,TWSE,Stock
6257,矽格,TWSE,Stock
6269,台郡,TWSE,Stock
6271,同欣電,TWSE,Stock
6272,驊陞,TWSE,Stock
6277,宏正,TWSE,Stock
6278,台表科,TWSE,Stock
6281,全國電,TWSE,Stock
6282,康舒,TWSE,Stock
6283,淳安,TWSE,Stock
6285,啟碁,TWSE,Stock
6405,悅城,TWSE,Stock
6409,旭隼,TWSE,Stock
6412,群電,TWSE,Stock
6414,樺漢,TWSE,Stock
6415,矽力*-KY,TWSE,Stock
6416,瑞祺電通,TWSE,Stock
6426,統新,TWSE,Stock
6431,光麗-KY,TWSE,Stock
6438,迅得,TWSE,Stock
6442,光聖,TWSE,Stock
6443,元晶,TWSE,Stock
6446,藥華藥,TWSE,Stock
6449,鈺邦,TWSE,Stock
6451,訊芯-KY,TWSE,Stock
6456,GIS-KY,TWSE,Stock
6464,台數科,TWSE,Stock
6472,保瑞,TWSE,Stock
6477,安集,TWSE,Stock
6491,晶碩,TWSE,Stock
6504,南六,TWSE,Stock
6505,台塑化,TWSE,Stock
6515,穎崴,TWSE,Stock
6525,捷敏-KY,TWSE,Stock
6526,達發,TWSE,Stock
6531,愛普*,TWSE,Stock
6533,晶心科,TWSE,Stock
6534,正瀚-創,TWSE,Stock
6541,泰福-KY,TWSE,Stock
6550,北極星藥業-KY,TWSE,Stock
6552,易華電,TWSE,Stock
6558,興能高,TWSE,Stock
6573,虹揚-KY,TWSE,Stock
6579,研揚,TWSE,Stock
6581,鋼聯,TWSE,Stock
6582,申豐,TWSE,Stock
6585,鼎基,TWSE,Stock
6589,台康生技,TWSE,Stock
6591,動力-KY,TWSE,Stock
6592,和潤企業,TWSE,Stock
6592A,和潤企業甲特,TWSE,ETF
6592B,和潤企業乙特,TWSE,ETF
6598,ABC-KY,TWSE,Stock
6605,帝寶,TWSE,Stock
6606,建德工業,TWSE,Stock
6614,資拓宏宇,TWSE,Stock
6625,必應,TWSE,Stock
6641,基士德-KY,TWSE,Stock
6645,金萬林-創,TWSE,Stock
6655,科定,TWSE,Stock
6657,華安,TWSE,Stock
6658,聯策,TWSE,Stock
6666,羅麗芬-KY,TWSE,Stock
6668,中揚光,TWSE,Stock
6669,緯穎,TWSE,Stock
6670,復盛應用,TWSE,Stock
6671,三能-KY,TWSE,Stock
6672,騰輝電子-KY,TWSE,Stock
6674,鋐寶科技,TWSE,Stock
6689,伊雲谷,TWSE,Stock
6691,洋基工程,TWSE,Stock
6695,芯鼎,TWSE,Stock
6698,旭暉應材,TWSE,Stock
6706,惠特,TWSE,Stock
6715,嘉基,TWSE,Stock
6719,力智,TWSE,Stock
6722,輝創,TWSE,Stock
6742,澤米,TWSE,Stock
6743,安普新,TWSE,Stock
6753,龍德造船,TWSE,Stock
6754,匯僑設計,TWSE,Stock
6756,威鋒電子,TWSE,Stock
6757,台灣虎航,TWSE,Stock
6768,志強-KY,TWSE,Stock
6770,力積電,TWSE,Stock
6771,平和環保-創,TWSE,Stock
6776,展碁國際,TWSE,Stock
6781,AES-KY,TWSE,Stock
6782,視陽,TWSE,Stock
6789,采鈺,TWSE,Stock
6790,永豐實,TWSE,Stock
6792,詠業,TWSE,Stock
6794,向榮生技,TWSE,Stock
6796,晉弘,TWSE,Stock
6799,來頡,TWSE,Stock
6805,富世達,TWSE,Stock
6807,峰源-KY,TWSE,Stock
6830,汎銓,TWSE,Stock
6831,邁科,TWSE,Stock
6834,天二科技,TWSE,Stock
6835,圓裕,TWSE,Stock
6838,台新藥,TWSE,Stock
6854,錼創科技-KY創,TWSE,Stock
6861,睿生光電,TWSE,Stock
6862,三集瑞-KY,TWSE,Stock
6863,永道-KY,TWSE,Stock
6869,雲豹能源,TWSE,Stock
6873,泓德能源,TWSE,Stock
6885,全福生技,TWSE,Stock
6887,寶綠特-KY,TWSE,Stock
6890,來億-KY,TWSE,Stock
6901,鑽石投資,TWSE,Stock
6902,GOGOLOOK,TWSE,Stock
6906,現觀科,TWSE,Stock
6908,宏碁遊戲-創,TWSE,Stock
6909,創控,TWSE,Stock
6914,阜爾運通,TWSE,Stock
6916,華凌,TWSE,Stock
6918,愛派司,TWSE,Stock
6919,康霈*,TWSE,Stock
6921,嘉雨思-創,TWSE,Stock
6923,中台,TWSE,Stock
6924,榮惠-KY創,TWSE,Stock
6928,攸泰科技,TWSE,Stock
6931,青松健康,TWSE,Stock
6933,AMAX-KY,TWSE,Stock
6934,心誠鎂,TWSE,Stock
6936,永鴻生技,TWSE,Stock
6937,天虹,TWSE,Stock
6944,兆聯實業,TWSE,Stock
6949,沛爾生醫-創,TWSE,Stock
6951,青新-創,TWSE,Stock
6952,大武山,TWSE,Stock
6955,邦睿生技-創,TWSE,Stock
6957,裕慶-KY,TWSE,Stock
6958,日盛台駿,TWSE,Stock
6958A,日盛台駿甲特,TWSE,ETF
6962,奕力-KY,TWSE,Stock
6965,中傑-KY,TWSE,Stock
6969,成信實業*-創,TWSE,Stock
6988,威力暘-創,TWSE,Stock
6994,富威電力,TWSE,Stock
7610,聯友金屬-創,TWSE,Stock
7631,聚賢研發-創,TWSE,Stock
7705,三商餐飲,TWSE,Stock
7711,永擎,TWSE,Stock
7721,微程式,TWSE,Stock
7722,LINEPAY,TWSE,Stock
7730,暉盛-創,TWSE,Stock
7732,金興精密,TWSE,Stock
7736,虎山,TWSE,Stock
7740,熙特爾-創,TWSE,Stock
7749,意騰-KY,TWSE,Stock
7750,新代,TWSE,Stock
7760,享溫馨,TWSE,Stock
7765,中華資安,TWSE,Stock
7768,頌勝科技,TWSE,Stock
7769,鴻勁,TWSE,Stock
7780,大研生醫*,TWSE,Stock
7786,東方風能,TWSE,Stock
7788,松川精密,TWSE,Stock
7791,皇家可口,TWSE,Stock
7795,長廣,TWSE,Stock
7799,禾榮科,TWSE,Stock
7803,雲象科技-創,TWSE,Stock
7818,溢泰實業,TWSE,Stock
7821,神數,TWSE,Stock
7822,倍利科,TWSE,Stock
7823,奧義賽博-KY創,TWSE,Stock
7827,漢康-KY創,TWSE,Stock
8011,台通,TWSE,Stock
8016,矽創,TWSE,Stock
8021,尖點,TWSE,Stock
8028,昇陽半導體,TWSE,Stock
8033,雷虎,TWSE,Stock
8039,台虹,TWSE,Stock
8045,達運光電,TWSE,Stock
8046,南電,TWSE,Stock
8070,長華*,TWSE,Stock
8072,陞泰,TWSE,Stock
8081,致新,TWSE,Stock
8101,華冠,TWSE,Stock
8103,瀚荃,TWSE,Stock
8104,錸寶,TWSE,Stock
8105,凌巨,TWSE,Stock
8110,華東,TWSE,Stock
8112,至上,TWSE,Stock
8112A,至上甲特,TWSE,ETF
8114,振樺電,TWSE,Stock
8131,福懋科,TWSE,Stock
8150,南茂,TWSE,Stock
8162,微矽電子-創,TWSE,Stock
8163,達方,TWSE,Stock
8201,無敵,TWSE,Stock
8210,勤誠,TWSE,Stock
8213,志超,TWSE,Stock
8215,明基材,TWSE,Stock
8222,寶一,TWSE,Stock
8249,菱光,TWSE,Stock
8261,富鼎,TWSE,Stock
8271,宇瞻,TWSE,Stock
8341,日友,TWSE,Stock
8367,建新國際,TWSE,Stock
8374,羅昇,TWSE,Stock
8404,百和興業-KY,TWSE,Stock
8411,福貞-KY,TWSE,Stock
8422,可寧衛*,TWSE,Stock
8429,金麗-KY,TWSE,Stock
8438,昶昕,TWSE,Stock
8442,威宏-KY,TWSE,Stock
8443,阿瘦,TWSE,Stock
8454,富邦媒,TWSE,Stock
8462,柏文,TWSE,Stock
8463,潤泰材,TWSE,Stock
8464,億豐,TWSE,Stock
8466,美吉吉-KY,TWSE,Stock
8467,波力-KY,TWSE,Stock
8473,山林水,TWSE,Stock
8476,台境*,TWSE,Stock
8478,東哥遊艇,TWSE,Stock
8481,政伸,TWSE,Stock
8482,商億-KY,TWSE,Stock
8487,愛爾達-創,TWSE,Stock
8488,吉源-KY,TWSE,Stock
8499,鼎炫-KY,TWSE,Stock
8926,台汽電,TWSE,Stock
8940,新天地,TWSE,Stock
8996,高力,TWSE,Stock
9103,美德醫療-DR,TWSE,Stock
910322,康師傅-DR,TWSE,ETF
9105,泰金寶-DR,TWSE,Stock
910861,神州-DR,TWSE,ETF
9110,越南控-DR,TWSE,Stock
911608,明輝-DR,TWSE,ETF
911622,泰聚亨-DR,TWSE,ETF
911868,同方友友-DR,TWSE,ETF
912000,晨訊科-DR,TWSE,ETF
9136,巨騰-DR,TWSE,Stock
9802,鈺齊-KY,TWSE,Stock
9902,台火,TWSE,Stock
9904,寶成,TWSE,Stock
9905,大華,TWSE,Stock
9906,欣巴巴,TWSE,Stock
9907,統一實,TWSE,Stock
9908,大台北,TWSE,Stock
9910,豐泰,TWSE,Stock
9911,櫻花,TWSE,Stock
9912,偉聯,TWSE,Stock
9914,美利達,TWSE,Stock
9917,中保科,TWSE,Stock
9918,欣天然,TWSE,Stock
9919,康那香,TWSE,Stock
9921,巨大,TWSE,Stock
9924,福興,TWSE,Stock
9925,新保,TWSE,Stock
9926,新海,TWSE,Stock
9927,泰銘,TWSE,Stock
9928,中視,TWSE,Stock
9929,秋雨,TWSE,Stock
9930,中聯資源,TWSE,Stock
9931,欣高,TWSE,Stock
9933,中鼎,TWSE,Stock
9934,成霖,TWSE,Stock
9935,慶豐富,TWSE,Stock
9937,全國,TWSE,Stock
9938,百和,TWSE,Stock
9939,宏全,TWSE,Stock
9940,信義,TWSE,Stock
9941,裕融,TWSE,Stock
9941A,裕融甲特,TWSE,ETF
9942,茂順,TWSE,Stock
9943,好樂迪,TWSE,Stock
9944,新麗,TWSE,Stock
9945,潤泰新,TWSE,Stock
9946,三發地產,TWSE,Stock
9955,佳龍,TWSE,Stock
9958,世紀鋼,TWSE,Stock
